epoch,accuracy,loss,val_accuracy,val_loss
0,0.9419000148773193,0.19841407239437103,0.9656000137329102,0.1171107143163681
1,0.974133312702179,0.08947297930717468,0.9769999980926514,0.08636027574539185
2,0.9819499850273132,0.06626269966363907,0.9775999784469604,0.08659030497074127
3,0.9854999780654907,0.05055588483810425,0.9779000282287598,0.08819457143545151
4,0.9888166785240173,0.04155147448182106,0.9818000197410583,0.0778527483344078
5,0.9915833473205566,0.033602673560380936,0.9785000085830688,0.09587150067090988
6,0.9922833442687988,0.027606243267655373,0.980400025844574,0.10308235138654709
