epoch,accuracy,loss,val_accuracy,val_loss
0,0.8896833062171936,0.3969758152961731,0.927299976348877,0.25312498211860657
1,0.932116687297821,0.23805265128612518,0.9362000226974487,0.21594031155109406
2,0.9420333504676819,0.20455612242221832,0.9430999755859375,0.19294938445091248
3,0.9471333622932434,0.1874096393585205,0.9455000162124634,0.18831665813922882
4,0.9506499767303467,0.17605145275592804,0.9498000144958496,0.1768319010734558
