epoch,accuracy,loss,val_accuracy,val_loss
0,0.8830999732017517,0.43790727853775024,0.9156000018119812,0.3017329275608063
1,0.9160333275794983,0.302194744348526,0.9221000075340271,0.28690221905708313
2,0.9212166666984558,0.2892409563064575,0.9225999712944031,0.2858983874320984
3,0.9230333566665649,0.28422653675079346,0.9241999983787537,0.28301137685775757
4,0.9253166913986206,0.28140926361083984,0.9246000051498413,0.28510233759880066
