epoch,accuracy,loss,val_accuracy,val_loss
0,0.9429000020027161,0.19081193208694458,0.9690999984741211,0.11072976142168045
1,0.975849986076355,0.08662697672843933,0.9768999814987183,0.0834255963563919
2,0.9825000166893005,0.06571803241968155,0.973800003528595,0.1052548810839653
3,0.9861500263214111,0.05024871602654457,0.977400004863739,0.0985477864742279
4,0.989383339881897,0.03965410217642784,0.9764999747276306,0.11409559100866318
