epoch,accuracy,loss,val_accuracy,val_loss
0,0.8332333564758301,0.5795415639877319,0.9117000102996826,0.3093905746936798
1,0.9160333275794983,0.29860183596611023,0.9211000204086304,0.27481111884117126
2,0.9248166680335999,0.27064573764801025,0.9257000088691711,0.25886449217796326
3,0.9297166466712952,0.25555500388145447,0.929099977016449,0.2475556582212448
4,0.9325500130653381,0.24580338597297668,0.9334999918937683,0.24017062783241272
