epoch,accuracy,loss,val_accuracy,val_loss
0,0.9395166635513306,0.20414301753044128,0.9681000113487244,0.10881153494119644
1,0.9738166928291321,0.09024938195943832,0.9757000207901001,0.08770295977592468
2,0.981249988079071,0.06588377803564072,0.9799000024795532,0.07650534063577652
3,0.9858499765396118,0.051595352590084076,0.9782999753952026,0.08834224194288254
4,0.9890333414077759,0.040404967963695526,0.9807999730110168,0.08367332816123962
