epoch,accuracy,loss,val_accuracy,val_loss
0,0.9116500020027161,0.3167327046394348,0.9460999965667725,0.1831430196762085
1,0.9505000114440918,0.17023691534996033,0.9552000164985657,0.1541881412267685
2,0.9606999754905701,0.13281084597110748,0.9628000259399414,0.1287330538034439
3,0.96711665391922,0.11267978698015213,0.9688000082969666,0.10913323611021042
4,0.9716166853904724,0.09806830435991287,0.9714000225067139,0.105433389544487
