epoch,accuracy,loss,val_accuracy,val_loss
0,0.9395166635513306,0.20481227338314056,0.9693999886512756,0.10417777299880981
1,0.9735999703407288,0.09073316305875778,0.9760000109672546,0.08782569319009781
2,0.9816499948501587,0.06633135676383972,0.9768999814987183,0.08108062297105789
3,0.9854666590690613,0.05193201079964638,0.977400004863739,0.08588792383670807
4,0.9883333444595337,0.041808050125837326,0.9812999963760376,0.07979308813810349
5,0.9909666776657104,0.03410706669092178,0.9797999858856201,0.0876709595322609
6,0.9925833344459534,0.027877220883965492,0.9776999950408936,0.09666139632463455
