epoch,accuracy,loss,val_accuracy,val_loss
0,0.9278500080108643,0.25232309103012085,0.9585999846458435,0.13809683918952942
1,0.9646666646003723,0.11945413053035736,0.9675999879837036,0.11563809961080551
2,0.9744166731834412,0.08771193772554398,0.9714999794960022,0.10193953663110733
3,0.9790666699409485,0.0706387385725975,0.9706000089645386,0.10376240313053131
4,0.9832666516304016,0.060198940336704254,0.9768000245094299,0.08640916645526886
