{"accuracy": 0.9716166853904724, "loss": 0.09806830435991287, "time_real": 13.863927125930786, "time_process": 39.167581999999996}