{"accuracy": 0.989383339881897, "loss": 0.03965410217642784, "time_real": 37.02097821235657, "time_process": 287.270188}