{"accuracy": 0.9325500130653381, "loss": 0.24580338597297668, "time_real": 11.607410907745361, "time_process": 30.857836}