{"accuracy": 0.9925833344459534, "loss": 0.027877220883965492, "time_real": 48.62121510505676, "time_process": 219.665178}