{"accuracy": 0.9922833442687988, "loss": 0.027606243267655373, "time_real": 48.26411581039429, "time_process": 220.673798}