{"accuracy": 0.9506499767303467, "loss": 0.17605145275592804, "time_real": 12.113312005996704, "time_process": 31.899216000000003}