{"accuracy": 0.9882333278656006, "loss": 0.041892342269420624, "time_real": 33.92976403236389, "time_process": 157.602138}