{"accuracy": 0.9253166913986206, "loss": 0.28140926361083984, "time_real": 11.206484079360962, "time_process": 28.462836}