{"accuracy": 0.9890333414077759, "loss": 0.040404967963695526, "time_real": 34.86095905303955, "time_process": 159.198946}