{"accuracy": 0.9832666516304016, "loss": 0.060198940336704254, "time_real": 16.473856925964355, "time_process": 57.596922000000006}